run_id,timestamp,mode,duration_seconds,stages_succeeded,stages_total,git_hash,p1_best_config,p1_threshold,p1_auc_roc,p1_f1_score,p1_precision,p1_recall,p1_tp,p1_fp,p1_fn,p1_tn,p1_n_features,p1_n_train,p1_n_test,p1_imbalance,p2_best_config,p2_accuracy_primary,p2_accuracy_multilabel,p2_multilabel_thresh,p2_macro_f1,p2_weighted_f1,p2_n_classes,p2_n_train,p2_n_test,n_rules,n_features_eng,n_phase1_scored,n_phase2_predictions,n_aml_predicted
20260515_112849,2026-05-15T11:28:49,train,1870.37,5,6,36e6b5b,VHighWeight,0.65,0.9420410112834262,0.7475655430711611,0.6634226760263774,0.8561526319401551,12475,6329,2096,56414,230,309256,77314,4.306109843350548,Deep+Reg,0.7572575663990118,0.8177887584928969,0.3,0.7457831369272563,0.7671882457360671,10,58283,14571,386570,386570,386570,,
20260515_121329,2026-05-15T12:13:29,train,1996.67,5,6,36e6b5b,VHighWeight,0.65,0.9420410112834262,0.7475655430711611,0.6634226760263774,0.8561526319401551,12475,6329,2096,56414,230,309256,77314,4.306109843350548,Deep+Reg,0.7572575663990118,0.8177887584928969,0.3,0.7457831369272563,0.7671882457360671,10,58283,14571,386570,386570,386570,,
20260515_133944,2026-05-15T13:39:44,train,4366.61,6,6,36e6b5b,VHighWeight,0.65,0.9420410112834262,0.7475655430711611,0.6634226760263774,0.8561526319401551,12475,6329,2096,56414,230,309256,77314,4.306109843350548,Deep+Reg,0.7572575663990118,0.8177887584928969,0.3,0.7457831369272563,0.7671882457360671,10,58283,14571,386570,386570,386570,,
20260515_135310,2026-05-15T13:53:10,predict,304.19,1,4,36e6b5b,VHighWeight,0.65,0.9420410112834262,0.7475655430711611,0.6634226760263774,0.8561526319401551,12475,6329,2096,56414,230,309256,77314,4.306109843350548,Deep+Reg,0.7572575663990118,0.8177887584928969,0.3,0.7457831369272563,0.7671882457360671,10,58283,14571,77314,386570,386570,,
20260515_192813,2026-05-15T19:28:13,predict,555.27,1,4,36e6b5b,VHighWeight,0.65,0.9420410112834262,0.7475655430711611,0.6634226760263774,0.8561526319401551,12475,6329,2096,56414,230,309256,77314,4.306109843350548,Deep+Reg,0.7572575663990118,0.8177887584928969,0.3,0.7457831369272563,0.7671882457360671,10,58283,14571,77314,386570,386570,,
20260515_202625,2026-05-15T20:26:25,predict,86.11,1,2,36e6b5b,VHighWeight,0.65,0.9420410112834262,0.7475655430711611,0.6634226760263774,0.8561526319401551,12475,6329,2096,56414,230,309256,77314,4.306109843350548,Deep+Reg,0.7572575663990118,0.8177887584928969,0.3,0.7457831369272563,0.7671882457360671,10,58283,14571,77314,77314,77314,77314.0,17215.0
20260515_203113,2026-05-15T20:31:13,predict,56.9,2,2,36e6b5b,VHighWeight,0.65,0.9420410112834262,0.7475655430711611,0.6634226760263774,0.8561526319401551,12475,6329,2096,56414,230,309256,77314,4.306109843350548,Deep+Reg,0.7572575663990118,0.8177887584928969,0.3,0.7457831369272563,0.7671882457360671,10,58283,14571,77314,77314,77314,77314.0,17215.0
20260515_203620,2026-05-15T20:36:20,predict,212.43,4,4,36e6b5b,VHighWeight,0.65,0.9420410112834262,0.7475655430711611,0.6634226760263774,0.8561526319401551,12475,6329,2096,56414,230,309256,77314,4.306109843350548,Deep+Reg,0.7572575663990118,0.8177887584928969,0.3,0.7457831369272563,0.7671882457360671,10,58283,14571,77314,77314,77314,77314.0,17215.0
20260515_205537,2026-05-15T20:55:37,predict,491.45,4,4,36e6b5b,VHighWeight,0.65,0.9420410112834262,0.7475655430711611,0.6634226760263774,0.8561526319401551,12475,6329,2096,56414,230,309256,77314,4.306109843350548,Deep+Reg,0.7572575663990118,0.8177887584928969,0.3,0.7457831369272563,0.7671882457360671,10,58283,14571,77314,77314,77314,77314.0,17215.0
