parameter,value
phase1.best_config,VHighWeight
phase1.config_details.name,VHighWeight
phase1.config_details.nl,127
phase1.config_details.md,10
phase1.config_details.mc,30
phase1.config_details.lr,0.03
phase1.config_details.ra,0.1
phase1.config_details.rl,1.0
phase1.config_details.sub,0.8
phase1.config_details.col,0.8
phase1.config_details.data,orig
phase1.config_details.spw,8.612219686701096
phase1.threshold,0.65
phase1.auc_roc,0.9420410112834262
phase1.f1_score,0.7475655430711611
phase1.precision,0.6634226760263774
phase1.recall,0.8561526319401551
phase1.tp,12475
phase1.fp,6329
phase1.fn,2096
phase1.tn,56414
phase1.best_iteration,999
phase1.n_features,230
phase1.n_graph_selected,64
phase1.n_train,309256
phase1.n_test,77314
phase1.imbalance_ratio,4.306109843350548
phase1.all_configs.Baseline.auc,0.9418670164418995
phase1.all_configs.Baseline.f1,0.7654312974621925
phase1.all_configs.Baseline.precision,0.7260358308194299
phase1.all_configs.Baseline.recall,0.8093473337451101
phase1.all_configs.Baseline.rounds,1000
phase1.all_configs.Deep+Reg.auc,0.9431736846575011
phase1.all_configs.Deep+Reg.f1,0.7669739320051542
phase1.all_configs.Deep+Reg.precision,0.7394877675840978
phase1.all_configs.Deep+Reg.recall,0.7965822524191888
phase1.all_configs.Deep+Reg.rounds,996
phase1.all_configs.SMOTE+Balanced.auc,0.9422063288608518
phase1.all_configs.SMOTE+Balanced.f1,0.7644807679833949
phase1.all_configs.SMOTE+Balanced.precision,0.7247125376621779
phase1.all_configs.SMOTE+Balanced.recall,0.8088669274586507
phase1.all_configs.SMOTE+Balanced.rounds,998
phase1.all_configs.SMOTE+Deep+Reg.auc,0.9437024432015667
phase1.all_configs.SMOTE+Deep+Reg.f1,0.7681115894150232
phase1.all_configs.SMOTE+Deep+Reg.precision,0.7475318264484282
phase1.all_configs.SMOTE+Deep+Reg.recall,0.7898565644087571
phase1.all_configs.SMOTE+Deep+Reg.rounds,1000
phase1.all_configs.HighWeight.auc,0.9425800101585791
phase1.all_configs.HighWeight.f1,0.7653962726510608
phase1.all_configs.HighWeight.precision,0.7218269172292161
phase1.all_configs.HighWeight.recall,0.8145631734266694
phase1.all_configs.HighWeight.rounds,999
phase1.all_configs.VHighWeight.auc,0.9420410112834262
phase1.all_configs.VHighWeight.f1,0.7606329747310483
phase1.all_configs.VHighWeight.precision,0.6987072680264292
phase1.all_configs.VHighWeight.recall,0.834602978518976
phase1.all_configs.VHighWeight.rounds,999
phase1.all_configs.XDeep+Slow.auc,0.9422781697821802
phase1.all_configs.XDeep+Slow.f1,0.7643741492189019
phase1.all_configs.XDeep+Slow.precision,0.7241908739175827
phase1.all_configs.XDeep+Slow.recall,0.809278704275616
phase1.all_configs.XDeep+Slow.rounds,1000
phase1.all_configs.SMOTE+XDeep.auc,0.9428326440049322
phase1.all_configs.SMOTE+XDeep.f1,0.7651487512851979
phase1.all_configs.SMOTE+XDeep.precision,0.7403722721437741
phase1.all_configs.SMOTE+XDeep.recall,0.7916409306156064
phase1.all_configs.SMOTE+XDeep.rounds,1000
phase1.all_configs.SMOTE+1.5xWt.auc,0.9431970037793177
phase1.all_configs.SMOTE+1.5xWt.f1,0.766905754795663
phase1.all_configs.SMOTE+1.5xWt.precision,0.7461698260192158
phase1.all_configs.SMOTE+1.5xWt.recall,0.7888271223663441
phase1.all_configs.SMOTE+1.5xWt.rounds,999
phase1.all_configs.SMOTE+2xWt.auc,0.9431736846575011
phase1.all_configs.SMOTE+2xWt.f1,0.7669739320051542
phase1.all_configs.SMOTE+2xWt.precision,0.7394877675840978
phase1.all_configs.SMOTE+2xWt.recall,0.7965822524191888
phase1.all_configs.SMOTE+2xWt.rounds,996
phase1.all_configs.HighCap+Slow.auc,0.9356492836368293
phase1.all_configs.HighCap+Slow.f1,0.7485428281804359
phase1.all_configs.HighCap+Slow.precision,0.6951226687062423
phase1.all_configs.HighCap+Slow.recall,0.8108571820739826
phase1.all_configs.HighCap+Slow.rounds,1000
phase1.all_configs.SMOTE+HighCap.auc,0.9358170251165931
phase1.all_configs.SMOTE+HighCap.f1,0.7501992158862716
phase1.all_configs.SMOTE+HighCap.precision,0.7003928103797167
phase1.all_configs.SMOTE+HighCap.recall,0.8076315970077551
phase1.all_configs.SMOTE+HighCap.rounds,1000
features.final_features,rule_acct_closed_90d; rule_age_amount_mismatch; rule_attempted_failed; rule_auth_degrade_high_risk; rule_auth_failure_spike; rule_balance_parking; rule_bo_address_mismatch; rule_cc_cash_1L; rule_credit_then_cash; rule_cross_entity_common; rule_crypto_nft_large; rule_crypto_then_cash_48h; rule_device_hopping; rule_dormant_75pct_drain; rule_dormant_activation; rule_dormant_activation_gen; rule_dormant_business_15d; rule_dormant_cash_30pct; rule_dormant_credit_50pct; rule_early_morning_cluster; rule_foreign_remit_4_5L; rule_freelancer_offshore; rule_freq_2x_business; rule_freq_2x_individual; rule_fx_cash_large; rule_geo_mismatch_2000km; rule_high_freq_foreign; rule_high_risk_industry; rule_impossible_travel; rule_insurance_lump; rule_integrated_cash_8_5_10L; rule_intra_high_freq; rule_ip_geo_change; rule_large_cash_business; rule_large_cash_individual; rule_large_cr_dr_business; rule_large_cr_dr_individual; rule_large_foreign_biz; rule_large_foreign_indiv; rule_large_intra_business; rule_large_intra_individual; rule_large_intra_same_cust; rule_loan_repay_cash; rule_low_income_large; rule_minor_anomalous; rule_monthly_limit_exhaustion; rule_multi_channel_24h; rule_multiple_parties_cash; rule_negative_list_country; rule_new_biz_25pct; rule_new_biz_cash_30pct; rule_new_biz_noncash_50pct; rule_new_device_new_loc; rule_new_employed_25pct; rule_new_indiv_cash_30pct; rule_new_indiv_noncash_50pct; rule_new_wallet_high_value; rule_npo_receipts_8_5_10L; rule_nri_suspicious_domestic; rule_occupation_mcc_mismatch; rule_off_hours_activity; rule_offshore_entity; rule_partnership_sleeping; rule_pep_high_velocity; rule_pep_large_any; rule_ppi_adverse_media; rule_ppi_bene_concentration; rule_ppi_cashback_cycling; rule_ppi_client_reported; rule_ppi_cluster_alert; rule_ppi_cross_state_p2p; rule_ppi_digital_content; rule_ppi_high_risk_mcc; rule_ppi_high_risk_mcc_cum; rule_ppi_high_risk_region; rule_ppi_kyc_behavior_breach; rule_ppi_kyc_expiry_limit; rule_ppi_load_fail_alt; rule_ppi_load_source_change; rule_ppi_load_then_spend; rule_ppi_mcc_switch; rule_ppi_merchant_passthrough; rule_ppi_multi_bene_day; rule_ppi_multi_source_day; rule_ppi_multi_wallet_device; rule_ppi_multi_wallet_funding; rule_ppi_multi_wallet_kyc; rule_ppi_name_mismatch; rule_ppi_negative_list_device; rule_ppi_new_bene_burst; rule_ppi_promo_referral; rule_ppi_refund_abuse; rule_ppi_shared_contact; rule_ppi_shared_ip_cluster; rule_ppi_single_source_load; rule_ppi_small_kyc_bal_breach; rule_ppi_small_kyc_cross_state; rule_ppi_small_kyc_load_breach; rule_ppi_split_transfers; rule_ppi_upi_carousel; rule_ppi_voucher_abuse; rule_ppi_w2w_layering; rule_rapid_burst; rule_rapid_load_transfer; rule_remit_then_cash_75pct; rule_remit_then_transfer; rule_repeated_counterparty_7d; rule_round_amount_struct_7d; rule_series_credits_7d; rule_series_debits_7d; rule_session_integrity; rule_shell_company; rule_short_lived_wallet; rule_sole_prop_burst; rule_sole_prop_personal; rule_structuring_pattern; rule_student_high_value; rule_tax_haven_remit; rule_tax_res_mismatch_xborder; rule_trust_foreign_remit; rule_trust_large_cash; rule_unemployed_large; rule_unusual_type_spike; rule_vpn_emu_new_city; rule_vpn_emulator_detected; rule_zero_balance_cycling; rule_score; transaction_amount; annual_income; credit_summation_period; debit_summation_period; professional_experience_years; account_category_enc; account_type_enc; account_wallet_status_enc; authentication_method_enc; beneficial_owner_types_enc; cash_flag_enc; citizenship_enc; currency_enc; customer_current_risk_score_enc; customer_entity_type_enc; customer_occupation_industry_enc; customer_type_enc; emulator_flag_enc; hni_flag_enc; load_instrument_type_enc; merchant_category_code_enc; minor_flag_enc; nationality_enc; non_face_to_face_flag_enc; passive_nfe_enc; pep_flag_enc; refund_chargeback_flag_enc; residency_enc; source_of_funds_enc; source_of_funds_wallet_enc; tax_residency_enc; transaction_mode_channel_bank_enc; transaction_mode_channel_ppi_enc; transaction_status_enc; transaction_type_dr_cr_enc; transaction_type_ppi_enc; vkyc_flag_enc; vpn_flag_enc; wallet_kyc_category_enc; sender_running_balance_txn_amount; sender_cumulative_daily_balance_change; receiver_running_balance_txn_amount; receiver_balance_after_txn; sender_balance_after_txn; receiver_acct_outflow_amt_30d; receiver_acct_inflow_amt_30d; receiver_acct_outflow_count_30d; sender_acct_outflow_amt_30d; sender_acct_inflow_amt_24h; sender_acct_inflow_amt_30d; ip_flag_night; ip_flag_cross_border; receiver_acct_outflow_amt_7d; sender_cust_inflow_amt_24h; sender_acct_inflow_count_30d; ip_flag_country_high_risk; sender_acct_outflow_amt_7d; receiver_acct_inflow_amt_24h; sender_acct_txn_count_30d; sender_acct_outflow_amt_24h; receiver_acct_outflow_count_7d; receiver_acct_inflow_count_30d; sender_acct_inflow_amt_1h; receiver_acct_inflow_amt_7d; sender_acct_outflow_count_7d; sender_acct_inflow_amt_7d; receiver_acct_txn_count_7d; sender_acct_outflow_count_24h; inflow_outflow_volume_balance_ratio_7d; receiver_acct_outflow_amt_24h; sender_cust_inflow_amt_30d; sender_cust_outflow_amt_1h; inflow_outflow_volume_balance_ratio_24h; sender_cust_outflow_amt_7d; sender_acct_txn_count_24h; sender_cust_outflow_amt_30d; sender_cust_inflow_count_30d; ip_flag_kyc_verified; sender_cust_inflow_amt_7d; receiver_acct_inflow_count_7d; receiver_acct_inflow_amt_1h; sender_acct_txn_count_7d; sender_cust_outflow_amt_24h; ip_risk_score; sender_cust_outflow_count_7d; sender_cust_txn_count_7d; sender_cust_inflow_count_7d; receiver_acct_outflow_amt_1h; sender_acct_txn_count_1h; receiver_acct_inflow_count_24h; receiver_acct_txn_count_24h; sender_cust_txn_count_24h; sender_acct_inflow_count_7d; sender_acct_outflow_count_1h; sender_acct_inflow_count_24h; receiver_acct_outflow_count_24h; sender_cust_outflow_count_24h; ip_flag_vpn; ip_flag_emulator; ip_flag_shared_ip; sender_acct_inflow_count_1h; sender_cust_inflow_count_1h; sender_cust_inflow_count_24h
features.selected_graph,sender_running_balance_txn_amount; sender_cumulative_daily_balance_change; receiver_running_balance_txn_amount; receiver_balance_after_txn; sender_balance_after_txn; receiver_acct_outflow_amt_30d; receiver_acct_inflow_amt_30d; receiver_acct_outflow_count_30d; sender_acct_outflow_amt_30d; sender_acct_inflow_amt_24h; sender_acct_inflow_amt_30d; ip_flag_night; ip_flag_cross_border; receiver_acct_outflow_amt_7d; sender_cust_inflow_amt_24h; sender_acct_inflow_count_30d; ip_flag_country_high_risk; sender_acct_outflow_amt_7d; receiver_acct_inflow_amt_24h; sender_acct_txn_count_30d; sender_acct_outflow_amt_24h; receiver_acct_outflow_count_7d; receiver_acct_inflow_count_30d; sender_acct_inflow_amt_1h; receiver_acct_inflow_amt_7d; sender_acct_outflow_count_7d; sender_acct_inflow_amt_7d; receiver_acct_txn_count_7d; sender_acct_outflow_count_24h; inflow_outflow_volume_balance_ratio_7d; receiver_acct_outflow_amt_24h; sender_cust_inflow_amt_30d; sender_cust_outflow_amt_1h; inflow_outflow_volume_balance_ratio_24h; sender_cust_outflow_amt_7d; sender_acct_txn_count_24h; sender_cust_outflow_amt_30d; sender_cust_inflow_count_30d; ip_flag_kyc_verified; sender_cust_inflow_amt_7d; receiver_acct_inflow_count_7d; receiver_acct_inflow_amt_1h; sender_acct_txn_count_7d; sender_cust_outflow_amt_24h; ip_risk_score; sender_cust_outflow_count_7d; sender_cust_txn_count_7d; sender_cust_inflow_count_7d; receiver_acct_outflow_amt_1h; sender_acct_txn_count_1h; receiver_acct_inflow_count_24h; receiver_acct_txn_count_24h; sender_cust_txn_count_24h; sender_acct_inflow_count_7d; sender_acct_outflow_count_1h; sender_acct_inflow_count_24h; receiver_acct_outflow_count_24h; sender_cust_outflow_count_24h; ip_flag_vpn; ip_flag_emulator; ip_flag_shared_ip; sender_acct_inflow_count_1h; sender_cust_inflow_count_1h; sender_cust_inflow_count_24h
features.protected_features,rule_acct_closed_90d; rule_age_amount_mismatch; rule_attempted_failed; rule_auth_degrade_high_risk; rule_auth_failure_spike; rule_balance_parking; rule_bo_address_mismatch; rule_cc_cash_1L; rule_credit_then_cash; rule_cross_entity_common; rule_crypto_nft_large; rule_crypto_then_cash_48h; rule_device_hopping; rule_dormant_75pct_drain; rule_dormant_activation; rule_dormant_activation_gen; rule_dormant_business_15d; rule_dormant_cash_30pct; rule_dormant_credit_50pct; rule_early_morning_cluster; rule_foreign_remit_4_5L; rule_freelancer_offshore; rule_freq_2x_business; rule_freq_2x_individual; rule_fx_cash_large; rule_geo_mismatch_2000km; rule_high_freq_foreign; rule_high_risk_industry; rule_impossible_travel; rule_insurance_lump; rule_integrated_cash_8_5_10L; rule_intra_high_freq; rule_ip_geo_change; rule_large_cash_business; rule_large_cash_individual; rule_large_cr_dr_business; rule_large_cr_dr_individual; rule_large_foreign_biz; rule_large_foreign_indiv; rule_large_intra_business; rule_large_intra_individual; rule_large_intra_same_cust; rule_loan_repay_cash; rule_low_income_large; rule_minor_anomalous; rule_monthly_limit_exhaustion; rule_multi_channel_24h; rule_multiple_parties_cash; rule_negative_list_country; rule_new_biz_25pct; rule_new_biz_cash_30pct; rule_new_biz_noncash_50pct; rule_new_device_new_loc; rule_new_employed_25pct; rule_new_indiv_cash_30pct; rule_new_indiv_noncash_50pct; rule_new_wallet_high_value; rule_npo_receipts_8_5_10L; rule_nri_suspicious_domestic; rule_occupation_mcc_mismatch; rule_off_hours_activity; rule_offshore_entity; rule_partnership_sleeping; rule_pep_high_velocity; rule_pep_large_any; rule_ppi_adverse_media; rule_ppi_bene_concentration; rule_ppi_cashback_cycling; rule_ppi_client_reported; rule_ppi_cluster_alert; rule_ppi_cross_state_p2p; rule_ppi_digital_content; rule_ppi_high_risk_mcc; rule_ppi_high_risk_mcc_cum; rule_ppi_high_risk_region; rule_ppi_kyc_behavior_breach; rule_ppi_kyc_expiry_limit; rule_ppi_load_fail_alt; rule_ppi_load_source_change; rule_ppi_load_then_spend; rule_ppi_mcc_switch; rule_ppi_merchant_passthrough; rule_ppi_multi_bene_day; rule_ppi_multi_source_day; rule_ppi_multi_wallet_device; rule_ppi_multi_wallet_funding; rule_ppi_multi_wallet_kyc; rule_ppi_name_mismatch; rule_ppi_negative_list_device; rule_ppi_new_bene_burst; rule_ppi_promo_referral; rule_ppi_refund_abuse; rule_ppi_shared_contact; rule_ppi_shared_ip_cluster; rule_ppi_single_source_load; rule_ppi_small_kyc_bal_breach; rule_ppi_small_kyc_cross_state; rule_ppi_small_kyc_load_breach; rule_ppi_split_transfers; rule_ppi_upi_carousel; rule_ppi_voucher_abuse; rule_ppi_w2w_layering; rule_rapid_burst; rule_rapid_load_transfer; rule_remit_then_cash_75pct; rule_remit_then_transfer; rule_repeated_counterparty_7d; rule_round_amount_struct_7d; rule_series_credits_7d; rule_series_debits_7d; rule_session_integrity; rule_shell_company; rule_short_lived_wallet; rule_sole_prop_burst; rule_sole_prop_personal; rule_structuring_pattern; rule_student_high_value; rule_tax_haven_remit; rule_tax_res_mismatch_xborder; rule_trust_foreign_remit; rule_trust_large_cash; rule_unemployed_large; rule_unusual_type_spike; rule_vpn_emu_new_city; rule_vpn_emulator_detected; rule_zero_balance_cycling; rule_score; transaction_amount; annual_income; credit_summation_period; debit_summation_period; professional_experience_years; account_category_enc; account_type_enc; account_wallet_status_enc; authentication_method_enc; beneficial_owner_types_enc; cash_flag_enc; citizenship_enc; currency_enc; customer_current_risk_score_enc; customer_entity_type_enc; customer_occupation_industry_enc; customer_type_enc; emulator_flag_enc; hni_flag_enc; load_instrument_type_enc; merchant_category_code_enc; minor_flag_enc; nationality_enc; non_face_to_face_flag_enc; passive_nfe_enc; pep_flag_enc; refund_chargeback_flag_enc; residency_enc; source_of_funds_enc; source_of_funds_wallet_enc; tax_residency_enc; transaction_mode_channel_bank_enc; transaction_mode_channel_ppi_enc; transaction_status_enc; transaction_type_dr_cr_enc; transaction_type_ppi_enc; vkyc_flag_enc; vpn_flag_enc; wallet_kyc_category_enc
features.encoded_categoricals,account_category_enc; account_type_enc; account_wallet_status_enc; authentication_method_enc; beneficial_owner_types_enc; cash_flag_enc; citizenship_enc; currency_enc; customer_current_risk_score_enc; customer_entity_type_enc; customer_occupation_industry_enc; customer_type_enc; emulator_flag_enc; hni_flag_enc; load_instrument_type_enc; merchant_category_code_enc; minor_flag_enc; nationality_enc; non_face_to_face_flag_enc; passive_nfe_enc; pep_flag_enc; refund_chargeback_flag_enc; residency_enc; source_of_funds_enc; source_of_funds_wallet_enc; tax_residency_enc; transaction_mode_channel_bank_enc; transaction_mode_channel_ppi_enc; transaction_status_enc; transaction_type_dr_cr_enc; transaction_type_ppi_enc; vkyc_flag_enc; vpn_flag_enc; wallet_kyc_category_enc
